"Frühdynastische Zeit, 2. Dynastie","Sakkara, Nekropole, rubble below the tomb of Maya 2008.448"
"Frühdynastische Zeit, 2. Dynastie","Sakkara, Nekropole, rubble below the tomb of Maya 2008.428 1"
Altes Reich,"Kairo, Ägyptisches Museum, JE 58064"
Altes Reich,"Kairo, Ägyptisches Museum, Abusir kleine Fragmente"
Altes Reich,"Kairo, Ägyptisches Museum, Fragm. f"
Altes Reich,"Kairo, Ägyptisches Museum, Abusir Fragm. δ"
Altes Reich,"Berlin, Ägyptisches Museum und Papyrussammlung, P. 9907"
Altes Reich,"Berlin, Ägyptisches Museum und Papyrussammlung, Abusir 7/D"
Altes Reich,"Kairo, Ägyptisches Museum, Abusir Fragm. b"
Altes Reich,"Berlin, Ägyptisches Museum und Papyrussammlung, Abusir 7/F"
Altes Reich,"Kairo, Ägyptisches Museum, Abusir Fragm. n"
Altes Reich,"Kairo, Ägyptisches Museum, Abusir Fragm. λ"
Altes Reich,"Kairo, Ägyptisches Museum, Abusir Fragm. ψ"
Altes Reich,"Kairo, Ägyptisches Museum, JE 602"
Altes Reich,"Kairo, Ägyptisches Museum, Abusir Fragm. v"
Altes Reich,"Kairo, Ägyptisches Museum, Abusir Fragm. η"
Altes Reich,"Kairo, Ägyptisches Museum, Abusir Fragm. k"
Altes Reich,"Kairo, Ägyptisches Museum, Fr. [illegible]"
"Altes Reich, 4. Dynastie","Turin, Museo Egizio, S. 17507/1"
"Altes Reich, 4. Dynastie","Turin, Museo Egizio, S. 17507/2"
"Altes Reich, 4. Dynastie","Turin, Museo Egizio, S. 17507/5"
"Altes Reich, 4. Dynastie","Leiden, Rijksmuseum van Oudheden, AAL 146 a"
"Altes Reich, 4. Dynastie","Leiden, Rijksmuseum van Oudheden, AAL 146bis a"
"Altes Reich, 4. Dynastie","Leiden, Rijksmuseum van Oudheden, H** 25"
"Altes Reich, 4. Dynastie","Leiden, Rijksmuseum van Oudheden, H** 26"
"Altes Reich, 5. Dynastie","Berlin, Ägyptisches Museum und Papyrussammlung, Abusir kleine Fragmente"
"Altes Reich, 5. Dynastie","Abusir, Nekropole, Möller Steinmetzaufschrift"
"Altes Reich, 5. Dynastie, Kakai Neferirkare I.","Berlin, Ägyptisches Museum und Papyrussammlung, P. 10473Berlin, Ägyptisches Museum und Papyrussammlung, P. 10474 A–B"
"Altes Reich, 5. Dynastie, Kakai Neferirkare I.","Kairo, Ägyptisches Museum, JE 58063"
"Altes Reich, 5. Dynastie, Kakai Neferirkare I.","Berlin, Ägyptisches Museum und Papyrussammlung, Abusir 03"
"Altes Reich, 5. Dynastie, Kakai Neferirkare I.","Berlin, Ägyptisches Museum und Papyrussammlung, P. 15726"
"Altes Reich, 5. Dynastie, Kakai Neferirkare I.","Berlin, Ägyptisches Museum und Papyrussammlung, Abusir 04Kairo, Ägyptisches Museum, Abusir 04"
"Altes Reich, 5. Dynastie, Ini Niuserre – Altes Reich, 6. Dynastie, Pepi II. Neferkare","London, British Museum, EA 10735"
"Altes Reich, 5. Dynastie, Ini Niuserre","Berlin, Ägyptisches Museum und Papyrussammlung, P. 9874"
"Altes Reich, 5. Dynastie, Ini Niuserre","Berlin, Ägyptisches Museum und Papyrussammlung, P. 12346"
"Altes Reich, 6. Dynastie – Erste Zwischenzeit","London, British Museum, EA 10676"
"Altes Reich, 6. Dynastie","Kairo, Ägyptisches Museum, JE 25975"
"Altes Reich, 6. Dynastie","Berlin, Ägyptisches Museum und Papyrussammlung, P. 8869"
"Altes Reich, 6. Dynastie","Straßburg, Bibliothèque nationale et universitaire de Strasbourg, 56"
"Altes Reich, 6. Dynastie","Berlin, Ägyptisches Museum und Papyrussammlung, P. 10523"
"Altes Reich, 6. Dynastie","Straßburg, Bibliothèque nationale et universitaire de Strasbourg, 63"
"Altes Reich, 6. Dynastie","Straßburg, Bibliothèque nationale et universitaire de Strasbourg, 54"
"Altes Reich, 6. Dynastie","Straßburg, Bibliothèque nationale et universitaire de Strasbourg, Frgm. G"
"Altes Reich, 6. Dynastie","Straßburg, Bibliothèque nationale et universitaire de Strasbourg, 58"
"Altes Reich, 6. Dynastie","Straßburg, Bibliothèque nationale et universitaire de Strasbourg, 55"
"Altes Reich, 6. Dynastie","Straßburg, Bibliothèque nationale et universitaire de Strasbourg, 57"
"Altes Reich, 6. Dynastie","Berlin, Ägyptisches Museum und Papyrussammlung, P. 9010"
"Altes Reich, 6. Dynastie","Berlin, Ägyptisches Museum und Papyrussammlung, P. 15724"
"Altes Reich, 6. Dynastie","Straßburg, Bibliothèque nationale et universitaire de Strasbourg, Frgm. H"
"Altes Reich, 6. Dynastie","Berlin, Ägyptisches Museum und Papyrussammlung, P. 15723"
"Altes Reich, 6. Dynastie","Straßburg, Bibliothèque nationale et universitaire de Strasbourg, Frgm. K"
"Altes Reich, 6. Dynastie","Straßburg, Bibliothèque nationale et universitaire de Strasbourg, Fragm. Df"
"Altes Reich, 6. Dynastie","Berlin, Ägyptisches Museum und Papyrussammlung, ÄM 13665"
"Altes Reich, 6. Dynastie","Straßburg, Bibliothèque nationale et universitaire de Strasbourg, Frgm. E"
"Altes Reich, 6. Dynastie","Straßburg, Bibliothèque nationale et universitaire de Strasbourg, Frgm. Pf"
"Altes Reich, 6. Dynastie","Straßburg, Bibliothèque nationale et universitaire de Strasbourg, Frgm. I"
"Altes Reich, 6. Dynastie","Straßburg, Bibliothèque nationale et universitaire de Strasbourg, 62"
"Altes Reich, 6. Dynastie","Straßburg, Bibliothèque nationale et universitaire de Strasbourg, Frgm. Bc"
"Altes Reich, 6. Dynastie","Straßburg, Bibliothèque nationale et universitaire de Strasbourg, Frgm. Cc"
"Altes Reich, 6. Dynastie","Straßburg, Bibliothèque nationale et universitaire de Strasbourg, Frgm. Cf"
"Altes Reich, 6. Dynastie","Straßburg, Bibliothèque nationale et universitaire de Strasbourg, Frgm. Bg"
"Altes Reich, 6. Dynastie","Berlin, Ägyptisches Museum und Papyrussammlung, P. 10500 A–B"
"Altes Reich, 6. Dynastie","München, Staatliche Sammlung Ägyptischer Kunst, ÄS 7123"
"Altes Reich, 6. Dynastie","Giza, Nekropole, G 4561"
"Altes Reich, 6. Dynastie, Teti","Hatnub, Kalzitalabastersteinbruch, 1"
"Altes Reich, 6. Dynastie, Teti","Hatnub, Kalzitalabastersteinbruch, 2"
"Altes Reich, 6. Dynastie, Pepi I. Merire","Kairo, Ägyptisches Museum, CG 58043"
"Altes Reich, 6. Dynastie, Nemtiemsaf I. Merenre I. – Altes Reich, 7. und 8. Dynastie","Berlin, Ägyptisches Museum und Papyrussammlung, P. 10050"
"Altes Reich, 6. Dynastie, Pepi II. Neferkare","Hatnub, Kalzitalabastersteinbruch, 3"
"Altes Reich, 6. Dynastie, Pepi II. Neferkare","Hatnub, Kalzitalabastersteinbruch, 4"
"Altes Reich, 6. Dynastie, Pepi II. Neferkare","Hatnub, Kalzitalabastersteinbruch, 7"
"Erste Zwischenzeit, 9. und 10. Dynastie (Herakleopolis) – Mittleres Reich","Hatnub, Kalzitalabastersteinbruch, 38"
"Erste Zwischenzeit, 9. und 10. Dynastie (Herakleopolis)","Berkeley (CA), University of California - Bancroft Library, P.Hearst 1282"
"Erste Zwischenzeit, 9. und 10. Dynastie (Herakleopolis), Nehri I. (Nomarch)","Hatnub, Kalzitalabastersteinbruch, 16"
"Erste Zwischenzeit, 9. und 10. Dynastie (Herakleopolis), Nehri I. (Nomarch)","Hatnub, Kalzitalabastersteinbruch, 23"
"Erste Zwischenzeit, 9. und 10. Dynastie (Herakleopolis), Nehri I. (Nomarch)","Hatnub, Kalzitalabastersteinbruch, 20"
"Erste Zwischenzeit, 9. und 10. Dynastie (Herakleopolis), Nehri I. (Nomarch)","Hatnub, Kalzitalabastersteinbruch, 25"
"Erste Zwischenzeit, 9. und 10. Dynastie (Herakleopolis), Nehri I. (Nomarch)","Hatnub, Kalzitalabastersteinbruch, 24"
"Erste Zwischenzeit, 9. und 10. Dynastie (Herakleopolis), Nehri I. (Nomarch)","Hatnub, Kalzitalabastersteinbruch, 26"
"Erste Zwischenzeit, 9. und 10. Dynastie (Herakleopolis), Nehri I. (Nomarch)","Hatnub, Kalzitalabastersteinbruch, 17"
"Erste Zwischenzeit, 9. und 10. Dynastie (Herakleopolis), Nehri I. (Nomarch)","Hatnub, Kalzitalabastersteinbruch, 22"
"Erste Zwischenzeit, 9. und 10. Dynastie (Herakleopolis), Neferkare","Hatnub, Kalzitalabastersteinbruch, 6"
"Erste Zwischenzeit, 9. und 10. Dynastie (Herakleopolis), Nehri I. (Nomarch)","Hatnub, Kalzitalabastersteinbruch, 18"
"Erste Zwischenzeit, 9. und 10. Dynastie (Herakleopolis), Nehri I. (Nomarch)","Hatnub, Kalzitalabastersteinbruch, 14"
"Erste Zwischenzeit, 9. und 10. Dynastie (Herakleopolis), Nehri I. (Nomarch)","Hatnub, Kalzitalabastersteinbruch, 27"
Erste Zwischenzeit,"Hatnub, Kalzitalabastersteinbruch, 43"
"Erste Zwischenzeit, 9. und 10. Dynastie (Herakleopolis), Nehri I. (Nomarch)","Hatnub, Kalzitalabastersteinbruch, 19"
"Erste Zwischenzeit, 9. und 10. Dynastie (Herakleopolis), Nehri I. (Nomarch)","Hatnub, Kalzitalabastersteinbruch, 28"
Erste Zwischenzeit,"Hatnub, Kalzitalabastersteinbruch, 33"
"Erste Zwischenzeit, 9. und 10. Dynastie (Herakleopolis), Nehri I. (Nomarch)","Hatnub, Kalzitalabastersteinbruch, 15"
"Erste Zwischenzeit, 9. und 10. Dynastie (Herakleopolis), Ahanacht (Nomarch)","Hatnub, Kalzitalabastersteinbruch, 11"
"Erste Zwischenzeit, 9. und 10. Dynastie (Herakleopolis), Ahanacht (Nomarch)","Hatnub, Kalzitalabastersteinbruch, 12"
"Erste Zwischenzeit, 9. und 10. Dynastie (Herakleopolis), Iha (Nomarch)","Hatnub, Kalzitalabastersteinbruch, 9"
"Erste Zwischenzeit, 9. und 10. Dynastie (Herakleopolis), Ahanacht (Nomarch)","Hatnub, Kalzitalabastersteinbruch, 10"
"Erste Zwischenzeit, 9. und 10. Dynastie (Herakleopolis), Nehri I. (Nomarch)","Hatnub, Kalzitalabastersteinbruch, 21"
Erste Zwischenzeit,"Turin, Museo Egizio, G2T"
Erste Zwischenzeit,"Boston (MA), Museum of Fine Arts, 04.2059 vo"
"Erste Zwischenzeit, 9. und 10. Dynastie (Herakleopolis) – Erste Zwischenzeit, 11. Dynastie (vor der Reichseinigung)","Atlanta, Michael C. Carlos Museum, 2014.033.001"
"Mittleres Reich, 11. Dynastie (nach der Reichseinigung), Mentuhotep II. Nebhepetre (Gesamtzeitraum) – Mittleres Reich, 11. Dynastie (nach der Reichseinigung), Mentuhotep IV. Nebtawire","Brooklyn (NY), The Brooklyn Museum, 37.1507EKairo, Ägyptisches Museum, CG 28023"
"Mittleres Reich, 11. Dynastie (nach der Reichseinigung), Mentuhotep II. Nebhepetre (Gesamtzeitraum) – Mittleres Reich, 11. Dynastie (nach der Reichseinigung), Mentuhotep IV. Nebtawire","Deir el-Bahari, Tempelareal, TT 319"
"Mittleres Reich, 11. Dynastie (nach der Reichseinigung) – Zweite Zwischenzeit","Berkeley (CA), University of California - Bancroft Library, P.Hearst.0001"
"Mittleres Reich, 11. Dynastie (nach der Reichseinigung) – Zweite Zwischenzeit, 13. Dynastie","London, British Museum, EA 10762"
Mittleres Reich,"Paris, Musée du Louvre, E 15594"
Mittleres Reich,"London, British Museum, EA 10610"
Mittleres Reich,"London, British Museum, EA 10753"
"Mittleres Reich, 11. Dynastie (nach der Reichseinigung) – Mittleres Reich, 12. Dynastie","Sankt Petersburg, State Hermitage Museum, 1115"
Mittleres Reich,"Turin, Museo Egizio, CGT 54003"
Mittleres Reich,"Berlin, Ägyptisches Museum und Papyrussammlung,"
"Mittleres Reich, 11. Dynastie (nach der Reichseinigung) – Mittleres Reich, 12. Dynastie","Berlin, Ägyptisches Museum und Papyrussammlung, P. 10482"
Mittleres Reich,"Berlin, Ägyptisches Museum und Papyrussammlung, P. 10004"
Mittleres Reich,"Berlin, Ägyptisches Museum und Papyrussammlung, Brief R"
Mittleres Reich,"Berlin, Ägyptisches Museum und Papyrussammlung, Tempeltagebuch Jahr 3"
"Mittleres Reich, 11. Dynastie (nach der Reichseinigung)","Berlin, Ägyptisches Museum und Papyrussammlung, ÄM 13772"
"Mittleres Reich, 11. Dynastie (nach der Reichseinigung)","Kairo, Ägyptisches Museum, CG 28027"
"Mittleres Reich, 11. Dynastie (nach der Reichseinigung)","Kairo, Ägyptisches Museum, CG 91061"
"Mittleres Reich, 11. Dynastie (nach der Reichseinigung), Mentuhotep IV. Nebtawire – Mittleres Reich, 12. Dynastie, Amenemhet I. Sehetepibre","Boston (MA), Museum of Fine Arts, 21.964Boston (MA), Museum of Fine Arts, 21.965"
"Mittleres Reich, 12. Dynastie – Zweite Zwischenzeit, 13. Dynastie","London, British Museum, EA 10760"
"Mittleres Reich, 12. Dynastie","London, British Museum, EA 10274 ro"
"Mittleres Reich, 12. Dynastie","Berlin, Ägyptisches Museum und Papyrussammlung, P. 3023"
"Mittleres Reich, 12. Dynastie","Berlin, Ägyptisches Museum und Papyrussammlung, P. 3022"
"Mittleres Reich, 12. Dynastie","Berlin, Ägyptisches Museum und Papyrussammlung, P. 3024"
"Mittleres Reich, 12. Dynastie","Berlin, Ägyptisches Museum und Papyrussammlung, P. 3025"
"Mittleres Reich, 12. Dynastie","Paris, Bibliothèque Nationale de France, Egyptien 183"
"Mittleres Reich, 12. Dynastie","Paris, Bibliothèque Nationale de France, Egyptien 186–194"
"Mittleres Reich, 12. Dynastie","Kairo, Ägyptisches Museum, JE 71580"
"Mittleres Reich, 12. Dynastie","Berlin, Ägyptisches Museum und Papyrussammlung, P. 3024"
"Mittleres Reich, 12. Dynastie","Berlin, Ägyptisches Museum und Papyrussammlung, P. 10499 vo"
"Mittleres Reich, 12. Dynastie","Berlin, Ägyptisches Museum und Papyrussammlung, P. 10499 ro"
"Mittleres Reich, 12. Dynastie","London, British Museum, EA 10274 vo"
"Mittleres Reich, 12. Dynastie","London, Petrie Museum of Egyptian Archaeology, UC 32209"
"Mittleres Reich, 12. Dynastie","London, Petrie Museum of Egyptian Archaeology, UC 32178"
"Mittleres Reich, 12. Dynastie","London, Petrie Museum of Egyptian Archaeology, UC 32198"
"Mittleres Reich, 12. Dynastie","London, Petrie Museum of Egyptian Archaeology, UC 32200"
"Mittleres Reich, 12. Dynastie","London, Petrie Museum of Egyptian Archaeology, UC 32213"
"Mittleres Reich, 12. Dynastie","London, Petrie Museum of Egyptian Archaeology, UC 32189"
"Mittleres Reich, 12. Dynastie","New York City, Pierpont Morgan Library, Amh. Egy. Pap. 4"
"Mittleres Reich, 12. Dynastie","Berlin, Ägyptisches Museum und Papyrussammlung, Tp Gr."
"Mittleres Reich, 12. Dynastie","Berlin, Ägyptisches Museum und Papyrussammlung, P. 10011"
"Mittleres Reich, 12. Dynastie, Amenemhet I. Sehetepibre – Mittleres Reich, 12. Dynastie, Amenemhet II. Nubkaure","London, British Museum, EA 10758"
"Mittleres Reich, 12. Dynastie, Amenemhet I. Sehetepibre","New York City, Metropolitan Museum of Art, 22.3.525"
"Mittleres Reich, 12. Dynastie, Sesostris I. Cheperkare","New York City, Metropolitan Museum of Art, 22.3.516"
"Mittleres Reich, 12. Dynastie, Sesostris I. Cheperkare","New York City, Metropolitan Museum of Art, 22.3.517"
"Mittleres Reich, 12. Dynastie, Sesostris I. Cheperkare","New York City, Metropolitan Museum of Art, 22.3.518"
"Mittleres Reich, 12. Dynastie, Sesostris I. Cheperkare","New York City, Metropolitan Museum of Art, 22.3.522"
"Mittleres Reich, 12. Dynastie, Sesostris II. Chacheperre – Mittleres Reich, 12. Dynastie, Sesostris III. Chakaure","Kairo, Ägyptisches Museum, CG 28083"
"Mittleres Reich, 12. Dynastie, Sesostris II. Chacheperre – Mittleres Reich, 12. Dynastie, Sesostris III. Chakaure","Kairo, Ägyptisches Museum, CG 28088"
"Mittleres Reich, 12. Dynastie, Sesostris II. Chacheperre – Mittleres Reich, 12. Dynastie, Sesostris III. Chakaure","London, British Museum, EA 30840"
"Mittleres Reich, 12. Dynastie, Sesostris II. Chacheperre – Mittleres Reich, 12. Dynastie, Sesostris III. Chakaure","London, British Museum, EA 30839"
"Mittleres Reich, 12. Dynastie, Sesostris II. Chacheperre – Mittleres Reich, 12. Dynastie, Sesostris III. Chakaure","London, British Museum, EA 30842"
"Mittleres Reich, 12. Dynastie, Sesostris III. Chakaure","Berlin, Ägyptisches Museum und Papyrussammlung, P. 10010"
"Mittleres Reich, 12. Dynastie, Sesostris III. Chakaure","Berlin, Ägyptisches Museum und Papyrussammlung, P. 10003"
"Mittleres Reich, 12. Dynastie, Amenemhet III. Nimaatre – Zweite Zwischenzeit, 13. Dynastie","London, British Museum, EA 10763"
"Mittleres Reich, 12. Dynastie, Amenemhet III. Nimaatre – Zweite Zwischenzeit, 13. Dynastie","London, British Museum, EA 10757"
"Mittleres Reich, 12. Dynastie, Amenemhet III. Nimaatre – Zweite Zwischenzeit, 13. Dynastie","London, British Museum, EA 10759"
"Mittleres Reich, 12. Dynastie, Amenemhet III. Nimaatre – Mittleres Reich, 12. Dynastie, Nefrusobek Kasobekre","London, Petrie Museum of Egyptian Archaeology, 32157 ro"
"Mittleres Reich, 12. Dynastie, Amenemhet III. Nimaatre – Mittleres Reich, 12. Dynastie, Nefrusobek Kasobekre","London, Petrie Museum of Egyptian Archaeology, 32201"
"Mittleres Reich, 12. Dynastie, Amenemhet III. Nimaatre – Mittleres Reich, 12. Dynastie, Nefrusobek Kasobekre","London, Petrie Museum of Egyptian Archaeology, 32170"
"Mittleres Reich, 12. Dynastie, Amenemhet III. Nimaatre – Mittleres Reich, 12. Dynastie, Nefrusobek Kasobekre","London, Petrie Museum of Egyptian Archaeology, 32161"
"Mittleres Reich, 12. Dynastie, Amenemhet III. Nimaatre – Mittleres Reich, 12. Dynastie, Nefrusobek Kasobekre","London, Petrie Museum of Egyptian Archaeology, 32196"
"Mittleres Reich, 12. Dynastie, Amenemhet III. Nimaatre – Mittleres Reich, 12. Dynastie, Nefrusobek Kasobekre","London, Petrie Museum of Egyptian Archaeology, 32158"
"Mittleres Reich, 12. Dynastie, Amenemhet III. Nimaatre – Mittleres Reich, 12. Dynastie, Nefrusobek Kasobekre","London, Petrie Museum of Egyptian Archaeology, 32215"
"Mittleres Reich, 12. Dynastie, Amenemhet III. Nimaatre – Mittleres Reich, 12. Dynastie, Nefrusobek Kasobekre","London, Petrie Museum of Egyptian Archaeology, 32157 vo"
"Mittleres Reich, 12. Dynastie, Amenemhet III. Nimaatre – Mittleres Reich, 12. Dynastie, Nefrusobek Kasobekre","London, Petrie Museum of Egyptian Archaeology, 32202"
"Mittleres Reich, 12. Dynastie, Amenemhet III. Nimaatre","London, Petrie Museum of Egyptian Archaeology, 32057"
"Mittleres Reich, 12. Dynastie, Amenemhet III. Nimaatre","London, Petrie Museum of Egyptian Archaeology, 32179"
"Mittleres Reich, 12. Dynastie, Amenemhet III. Nimaatre","Berlin, Ägyptisches Museum und Papyrussammlung, P. 10016"
"Mittleres Reich, 12. Dynastie, Amenemhet III. Nimaatre","London, Petrie Museum of Egyptian Archaeology, UC 32179"
"Mittleres Reich, 12. Dynastie, Amenemhet III. Nimaatre","London, Petrie Museum of Egyptian Archaeology, UC 32037"
"Mittleres Reich, 12. Dynastie, Amenemhet III. Nimaatre","London, Petrie Museum of Egyptian Archaeology, UC 32058"
"Zweite Zwischenzeit, 13. Dynastie – Zweite Zwischenzeit, 17. Dynastie","London, British Museum, EA 10057London, British Museum, EA 10058"
"Zweite Zwischenzeit, 13. Dynastie","London, British Museum, EA 10769"
"Zweite Zwischenzeit, 13. Dynastie","Berlin, Ägyptisches Museum und Papyrussammlung, P. 10495"
"Zweite Zwischenzeit, 13. Dynastie, Chendjer Userkare – Zweite Zwischenzeit, 13. Dynastie, Sebekhotep III. Sechemresewadjtaui","Kairo, Ägyptisches Museum, CG 58069"
"Zweite Zwischenzeit, 17. Dynastie – Neues Reich, 18. Dynastie","New York City, Academy of Medicine, 217"
"Zweite Zwischenzeit, 17. Dynastie – Neues Reich, 18. Dynastie, Amenhotep I. Djeserkare","Assiut, Gebel Assiut al-gharbi, N13.1 TN13"
"Zweite Zwischenzeit, 17. Dynastie","Moskau, State Pushkin Museum of Fine Arts, 314"
"Zweite Zwischenzeit, 17. Dynastie","Berlin, Ägyptisches Museum und Papyrussammlung, P. 3033"
"Zweite Zwischenzeit, 17. Dynastie","Hatnub, Kalzitalabastersteinbruch, 52"
"Zweite Zwischenzeit, 17. Dynastie","Moskau, State Pushkin Museum of Fine Arts, 314 (Kol. 21)"
Neues Reich,"London, British Museum, EA 10222"
Neues Reich,"Assiut, Gebel Assiut al-gharbi, N13.1 TS30"
Neues Reich,"Assiut, Gebel Assiut al-gharbi, N13.1 TW34"
Neues Reich,"Kairo, Ägyptisches Museum, CG 25207"
Neues Reich,"Kairo, Ägyptisches Museum, CG 25209"
Neues Reich,"Kairo, Ägyptisches Museum, CG 25208"
Neues Reich,"Kairo, Ägyptisches Museum, CG 25212"
Neues Reich,"Kairo, Ägyptisches Museum, CG 25206"
"Neues Reich, 18. Dynastie","London, British Museum, EA 10060"
"Neues Reich, 18. Dynastie","Berlin, Ägyptisches Museum und Papyrussammlung, P. 3027"
"Neues Reich, 18. Dynastie","Paris, Musée du Louvre, AE/E 3230 a"
"Neues Reich, 18. Dynastie","Assiut, Gebel Assiut al-gharbi, N13.1 TN1"
"Neues Reich, 18. Dynastie","London, Petrie Museum of Egyptian Archaeology, 46303"
"Neues Reich, 18. Dynastie","London, Petrie Museum of Egyptian Archaeology, 46307"
"Neues Reich, 18. Dynastie","London, Petrie Museum of Egyptian Archaeology, 32557"
"Neues Reich, 18. Dynastie","Paris, Musée du Louvre, AE/E 3230 b"
"Neues Reich, 18. Dynastie","London, Petrie Museum of Egyptian Archaeology, 32265"
"Neues Reich, 18. Dynastie","Assiut, Gebel Assiut al-gharbi, N13.1 TN2"
"Neues Reich, 18. Dynastie","Assiut, Gebel Assiut al-gharbi, N13.1 TN5"
"Neues Reich, 18. Dynastie","Assiut, Gebel Assiut al-gharbi, N13.1 TN6"
"Neues Reich, 18. Dynastie","Assiut, Gebel Assiut al-gharbi, N13.1 TN8"
"Neues Reich, 18. Dynastie","Assiut, Gebel Assiut al-gharbi, N13.1 TN14a-e"
"Neues Reich, 18. Dynastie","Assiut, Gebel Assiut al-gharbi, N13.1 TN17"
"Neues Reich, 18. Dynastie","Assiut, Gebel Assiut al-gharbi, N13.1 TN28"
"Neues Reich, 18. Dynastie","Assiut, Gebel Assiut al-gharbi, N13.1 TN29"
"Neues Reich, 18. Dynastie","Assiut, Gebel Assiut al-gharbi, N13.1 TN37"
"Neues Reich, 18. Dynastie","Assiut, Gebel Assiut al-gharbi, N13.1 TN39"
"Neues Reich, 18. Dynastie","Assiut, Gebel Assiut al-gharbi, N13.1 TN40"
"Neues Reich, 18. Dynastie","Assiut, Gebel Assiut al-gharbi, N13.1 TN4"
"Neues Reich, 18. Dynastie","Assiut, Gebel Assiut al-gharbi, N13.1 TN7"
"Neues Reich, 18. Dynastie","Assiut, Gebel Assiut al-gharbi, N13.1 TN20"
"Neues Reich, 18. Dynastie","Assiut, Gebel Assiut al-gharbi, N13.1 TN22"
"Neues Reich, 18. Dynastie","Assiut, Gebel Assiut al-gharbi, N13.1 TN23"
"Neues Reich, 18. Dynastie","Assiut, Gebel Assiut al-gharbi, N13.1 TN24"
"Neues Reich, 18. Dynastie","Assiut, Gebel Assiut al-gharbi, N13.1 TN26"
"Neues Reich, 18. Dynastie","Assiut, Gebel Assiut al-gharbi, N13.1 TN31"
"Neues Reich, 18. Dynastie","London, Petrie Museum of Egyptian Archaeology, Amarna 71 (Petrie)"
"Neues Reich, 18. Dynastie","Assiut, Gebel Assiut al-gharbi, N13.1 TW4"
"Neues Reich, 18. Dynastie","Assiut, Gebel Assiut al-gharbi, N13.1 TW28"
"Neues Reich, 18. Dynastie","Assiut, Gebel Assiut al-gharbi, N13.1 TW30"
"Neues Reich, 18. Dynastie","London, Petrie Museum of Egyptian Archaeology, Amarna Inschrift 72"
"Neues Reich, 18. Dynastie","Assiut, Gebel Assiut al-gharbi, N13.1 TAS4"
"Neues Reich, 18. Dynastie","Assiut, Gebel Assiut al-gharbi, N13.1 TBN2"
"Neues Reich, 18. Dynastie","Assiut, Gebel Assiut al-gharbi, N13.1 TS1"
"Neues Reich, 18. Dynastie","Assiut, Gebel Assiut al-gharbi, N13.1 TS3"
"Neues Reich, 18. Dynastie","Assiut, Gebel Assiut al-gharbi, N13.1 TS5"
"Neues Reich, 18. Dynastie","Assiut, Gebel Assiut al-gharbi, N13.1 TS6"
"Neues Reich, 18. Dynastie","Assiut, Gebel Assiut al-gharbi, N13.1 TS10"
"Neues Reich, 18. Dynastie","Assiut, Gebel Assiut al-gharbi, N13.1 TS16"
"Neues Reich, 18. Dynastie","Assiut, Gebel Assiut al-gharbi, N13.1 TS18"
"Neues Reich, 18. Dynastie","Assiut, Gebel Assiut al-gharbi, N13.1 TS19"
"Neues Reich, 18. Dynastie","Assiut, Gebel Assiut al-gharbi, N13.1 TS20"
"Neues Reich, 18. Dynastie","Assiut, Gebel Assiut al-gharbi, N13.1 TS23"
"Neues Reich, 18. Dynastie","Assiut, Gebel Assiut al-gharbi, N13.1 TS24"
"Neues Reich, 18. Dynastie","Assiut, Gebel Assiut al-gharbi, N13.1 TS25"
"Neues Reich, 18. Dynastie","Assiut, Gebel Assiut al-gharbi, N13.1 TS26"
"Neues Reich, 18. Dynastie","Assiut, Gebel Assiut al-gharbi, N13.1 TS27"
"Neues Reich, 18. Dynastie","Assiut, Gebel Assiut al-gharbi, N13.1 TS31"
"Neues Reich, 18. Dynastie","Assiut, Gebel Assiut al-gharbi, N13.1 TS34"
"Neues Reich, 18. Dynastie","Assiut, Gebel Assiut al-gharbi, N13.1 TS42"
"Neues Reich, 18. Dynastie","Assiut, Gebel Assiut al-gharbi, N13.1 TN33"
"Neues Reich, 18. Dynastie","Assiut, Gebel Assiut al-gharbi, N13.1 TN30"
"Neues Reich, 18. Dynastie","Assiut, Gebel Assiut al-gharbi, N13.1 TS35"
"Neues Reich, 18. Dynastie","Assiut, Gebel Assiut al-gharbi, N13.1 TS2"
"Neues Reich, 18. Dynastie","Assiut, Gebel Assiut al-gharbi, N13.1 TS17"
"Neues Reich, 18. Dynastie","Assiut, Gebel Assiut al-gharbi, N13.1 TS22"
"Neues Reich, 18. Dynastie","Assiut, Gebel Assiut al-gharbi, N13.1 TAS3"
"Neues Reich, 18. Dynastie","Assiut, Gebel Assiut al-gharbi, N13.1 TBS1"
"Neues Reich, 18. Dynastie","Assiut, Gebel Assiut al-gharbi, N13.1 TN3"
"Neues Reich, 18. Dynastie","Assiut, Gebel Assiut al-gharbi, N13.1 TAN1"
"Neues Reich, 18. Dynastie","Assiut, Gebel Assiut al-gharbi, N13.1 TAN2"
"Neues Reich, 18. Dynastie","Assiut, Gebel Assiut al-gharbi, N13.1 TAN3"
"Neues Reich, 18. Dynastie","Assiut, Gebel Assiut al-gharbi, N13.1 TAN4"
"Neues Reich, 18. Dynastie","Assiut, Gebel Assiut al-gharbi, N13.1 TAS2"
"Neues Reich, 18. Dynastie","Assiut, Gebel Assiut al-gharbi, N13.1 TAS6"
"Neues Reich, 18. Dynastie","Assiut, Gebel Assiut al-gharbi, N13.1 TBS2"
"Neues Reich, 18. Dynastie","Assiut, Gebel Assiut al-gharbi, N13.1 TBS3"
"Neues Reich, 18. Dynastie","Assiut, Gebel Assiut al-gharbi, N13.1 TBS4"
"Neues Reich, 18. Dynastie","Assiut, Gebel Assiut al-gharbi, N13.1 TBN1"
"Neues Reich, 18. Dynastie","Assiut, Gebel Assiut al-gharbi, N13.1 TBW1"
"Neues Reich, 18. Dynastie","Assiut, Gebel Assiut al-gharbi, N13.1 TN35"
"Neues Reich, 18. Dynastie","Assiut, Gebel Assiut al-gharbi, N13.1 TW20"
"Neues Reich, 18. Dynastie","Assiut, Gebel Assiut al-gharbi, N13.1 TN27"
Neues Reich,"Assiut, Gebel Assiut al-gharbi, N13.1 TW24"
"Neues Reich, 18. Dynastie, Amenhotep I. Djeserkare","Leipzig, Bibliotheca Albertina, Papyrus- und Ostrakasammlung, P. Ebers"
"Neues Reich, 18. Dynastie, Thutmosis III. Mencheperre (Gesamtzeitraum) – Neues Reich, 18. Dynastie, Amenhotep II. Aacheperure","London, British Museum, EA 10009London, British Museum, EA 9962,1"
"Neues Reich, 18. Dynastie, Thutmosis III. Mencheperre (Gesamtzeitraum) – Neues Reich, 18. Dynastie, Amenhotep II. Aacheperure","London, British Museum, EA 9905"
"Neues Reich, 18. Dynastie, Hatschepsut Maatkare – Neues Reich, 18. Dynastie, Amenhotep II. Aacheperure","London, British Museum, EA 10477"
"Neues Reich, 18. Dynastie, Hatschepsut Maatkare – Neues Reich, 18. Dynastie, Thutmosis III. Mencheperre (Gesamtzeitraum)","Florenz, Museo Egizio, 3660 A"
"Neues Reich, 18. Dynastie, Thutmosis III. Mencheperre (Gesamtzeitraum)","Paris, Musée du Louvre, E 21324"
"Neues Reich, 18. Dynastie, Thutmosis III. Mencheperre (Gesamtzeitraum)","London, British Museum, EA 10102"
"Neues Reich, 18. Dynastie, Thutmosis III. Mencheperre (Gesamtzeitraum)","Berlin, Ägyptisches Museum und Papyrussammlung, P. 11292"
"Neues Reich, 18. Dynastie, Thutmosis III. Mencheperre (Gesamtzeitraum)","Berlin, Ägyptisches Museum und Papyrussammlung, P. 10621"
"Neues Reich, 18. Dynastie, Thutmosis III. Mencheperre (Gesamtzeitraum)","Leipzig, Ägyptisches Museum – Georg Steindorff, 495"
"Neues Reich, 18. Dynastie, Thutmosis III. Mencheperre (Gesamtzeitraum)","Abusir, Pyramidenkomplex des Sahure, Möller 6"
"Neues Reich, 18. Dynastie, Thutmosis III. Mencheperre (Gesamtzeitraum)","Abusir, Pyramidenkomplex des Sahure, Möller 3"
"Neues Reich, 18. Dynastie, Thutmosis III. Mencheperre (Gesamtzeitraum)","Abusir, Pyramidenkomplex des Sahure, Möller 5"
"Neues Reich, 18. Dynastie, Thutmosis III. Mencheperre (Gesamtzeitraum)","Abusir, Pyramidenkomplex des Sahure, Möller 2"
"Neues Reich, 18. Dynastie, Thutmosis III. Mencheperre (Gesamtzeitraum)","Abusir, Pyramidenkomplex des Sahure, Möller 1"
"Neues Reich, 18. Dynastie, Thutmosis III. Mencheperre (Gesamtzeitraum)","Abusir, Pyramidenkomplex des Sahure, Möller 4"
"Neues Reich, 18. Dynastie, Hatschepsut Maatkare","New York City, Metropolitan Museum of Art, MMA 27.3.560"
"Neues Reich, 18. Dynastie, Hatschepsut Maatkare","Standort unbekannt, Unbekannte Sammlung, Tally Stone of mꜣꜤ.t-kꜣ-rꜤ 1"
"Neues Reich, 18. Dynastie, Hatschepsut Maatkare","Standort unbekannt, Unbekannte Sammlung, Tally Stone of mꜣꜤ.t-kꜣ-rꜤ 2"
"Neues Reich, 18. Dynastie, Hatschepsut Maatkare","Standort unbekannt, Unbekannte Sammlung, Tally Stone of mꜣꜤ.t-kꜣ-rꜤ 3"
"Neues Reich, 18. Dynastie, Thutmosis III. Mencheperre (Alleinregierung) – Neues Reich, 18. Dynastie, Amenhotep II. Aacheperure","Assiut, Gebel Assiut al-gharbi, N13.1 TAS1"
"Neues Reich, 18. Dynastie, Thutmosis III. Mencheperre (Alleinregierung) – Neues Reich, 18. Dynastie, Amenhotep II. Aacheperure","Assiut, Gebel Assiut al-gharbi, N13.1 TAW1"
"Neues Reich, 18. Dynastie, Thutmosis III. Mencheperre (Alleinregierung)","Amsterdam, University Library, Dortmond 22Boston (MA), Museum of Fine Arts, 22.401London, British Museum, EA 10489 New York City, Metropolitan Museum of Art, 30.8.70 a-b"
"Neues Reich, 18. Dynastie, Thutmosis III. Mencheperre (Gesamtzeitraum)","Maidûm, Pyramidenanlage des Snofru, 5"
"Neues Reich, 18. Dynastie, Thutmosis III. Mencheperre (Gesamtzeitraum)","Berlin, Ägyptisches Museum und Papyrussammlung, P. 10615"
"Neues Reich, 18. Dynastie, Thutmosis III. Mencheperre (Gesamtzeitraum)","Berlin, Ägyptisches Museum und Papyrussammlung, P. 10617"
"Neues Reich, 18. Dynastie, Thutmosis III. Mencheperre (Alleinregierung)","Paris, Musée du Louvre, E 3226 AParis, Musée du Louvre, E 3226 B"
"Neues Reich, 18. Dynastie, Amenhotep II. Aacheperure","Sankt Petersburg, State Hermitage Museum, 1116 B ro"
"Neues Reich, 18. Dynastie, Amenhotep II. Aacheperure","New York City, Pierpont Morgan Library, Amh. Egy. Pap. 9Paris, Bibliothèque Nationale de France, Egyptien 202"
"Neues Reich, 18. Dynastie, Amenhotep II. Aacheperure","Berlin, Ägyptisches Museum und Papyrussammlung, P. 3029"
"Neues Reich, 18. Dynastie, Amenhotep II. Aacheperure","Kairo, Ägyptisches Museum, CG 58038"
"Neues Reich, 18. Dynastie, Amenhotep II. Aacheperure","Sankt Petersburg, State Hermitage Museum, 1116 B vo"
"Neues Reich, 18. Dynastie, Amenhotep II. Aacheperure","Berlin, Ägyptisches Museum und Papyrussammlung, P. 3029"
"Neues Reich, 18. Dynastie, Thutmosis III. Mencheperre (Alleinregierung)","Berlin, Ägyptisches Museum und Papyrussammlung, P. 2146"
"Neues Reich, 18. Dynastie, Amenhotep II. Aacheperure","Edinburgh, Privatsammlung Moir Bryce, [without no.]"
"Neues Reich, 18. Dynastie, Amenhotep II. Aacheperure","Berlin, Ägyptisches Museum und Papyrussammlung, P. 3029"
"Neues Reich, 18. Dynastie, Amenhotep II. Aacheperure","Sankt Petersburg, State Hermitage Museum, 1116 A ro"
"Neues Reich, 18. Dynastie, Thutmosis IV. Mencheperure – Neues Reich, 18. Dynastie, Amenhotep III. Nebmaatre","Sankt Petersburg, State Hermitage Museum, 1116 A vo"
"Neues Reich, 18. Dynastie, Thutmosis IV. Mencheperure","London, British Museum, EA 9900"
"Neues Reich, 18. Dynastie, Thutmosis IV. Mencheperure","Al-Qurna, Areal thebanischer Gräber, TT 63 1"
"Neues Reich, 18. Dynastie, Thutmosis IV. Mencheperure","Assiut, Gebel Assiut al-gharbi, N13.1 TN12"
"Neues Reich, 18. Dynastie, Amenhotep III. Nebmaatre – Neues Reich, 18. Dynastie, Amenhotep IV. / Echnaton Nefercheperure","Berlin, Ägyptisches Museum und Papyrussammlung, P. 10498"
"Neues Reich, 18. Dynastie, Amenhotep III. Nebmaatre","Turin, Museo Egizio, S. 8438"
"Neues Reich, 18. Dynastie, Amenhotep III. Nebmaatre","Assiut, Gebel Assiut al-gharbi, N13.1 TN38"
"Neues Reich, 18. Dynastie, Amenhotep III. Nebmaatre","Assiut, Gebel Assiut al-gharbi, N13.1 TN43"
"Neues Reich, 18. Dynastie, Amenhotep III. Nebmaatre","Assiut, Gebel Assiut al-gharbi, N13.1 TN9"
"Neues Reich, 18. Dynastie, Amenhotep III. Nebmaatre","Assiut, Gebel Assiut al-gharbi, N13.1 TN11"
"Neues Reich, 18. Dynastie, Amenhotep III. Nebmaatre","Assiut, Gebel Assiut al-gharbi, N13.1 TN36"
"Neues Reich, 18. Dynastie, Amenhotep III. Nebmaatre","Assiut, Gebel Assiut al-gharbi, N13.1 TN41"
"Neues Reich, 18. Dynastie, Amenhotep III. Nebmaatre","Assiut, Gebel Assiut al-gharbi, N13.1 TN18"
"Neues Reich, 18. Dynastie, Amenhotep III. Nebmaatre","Assiut, Gebel Assiut al-gharbi, N13.1 TN32"
"Neues Reich, 18. Dynastie, Amenhotep III. Nebmaatre – Neues Reich, 18. Dynastie, Amenhotep IV. / Echnaton Nefercheperure","Berlin, Ägyptisches Museum und Papyrussammlung, P. 9784"
"Neues Reich, 18. Dynastie, Amenhotep III. Nebmaatre","Maidûm, Pyramidenanlage des Snofru, 17"
"Neues Reich, 18. Dynastie, Amenhotep III. Nebmaatre","Assiut, Gebel Assiut al-gharbi, N13.1 TN42"
"Neues Reich, 18. Dynastie, Amenhotep III. Nebmaatre","London, Petrie Museum of Egyptian Archaeology, UC 38177"
"Neues Reich, 18. Dynastie, Amenhotep III. Nebmaatre","London, Petrie Museum of Egyptian Archaeology, UC 38178 A"
"Neues Reich, 18. Dynastie, Amenhotep IV. / Echnaton Nefercheperure – Neues Reich, 18. Dynastie, Haremhab Djesercheperure","New York City, Metropolitan Museum of Art, 30.7.1"
"Neues Reich, 18. Dynastie, Amenhotep IV. / Echnaton Nefercheperure","Berlin, Pergamon Museum, VAT 233"
"Neues Reich, 18. Dynastie, Amenhotep IV. / Echnaton Nefercheperure","Kairo, Ägyptisches Museum, CG 4748"
"Neues Reich, 18. Dynastie, Amenhotep IV. / Echnaton Nefercheperure","London, Petrie Museum of Egyptian Archaeology, 32257"
"Neues Reich, 18. Dynastie, Amenhotep IV. / Echnaton Nefercheperure","London, Petrie Museum of Egyptian Archaeology, 32264"
"Neues Reich, 18. Dynastie, Amenhotep IV. / Echnaton Nefercheperure","Berlin, Ägyptisches Museum und Papyrussammlung, ÄM 14000"
"Neues Reich, 18. Dynastie, Amenhotep IV. / Echnaton Nefercheperure","Berlin, Ägyptisches Museum und Papyrussammlung, P. 9785"
"Neues Reich, 18. Dynastie, Amenhotep IV. / Echnaton Nefercheperure","London, Petrie Museum of Egyptian Archaeology, UC 32782"
"Neues Reich, 18. Dynastie, Amenhotep IV. / Echnaton Nefercheperure","London, Petrie Museum of Egyptian Archaeology, UC 32783"
"Neues Reich, 18. Dynastie, Amenhotep IV. / Echnaton Nefercheperure","London, Petrie Museum of Egyptian Archaeology, 46316"
"Neues Reich, 18. Dynastie, Amenhotep IV. / Echnaton Nefercheperure","London, Petrie Museum of Egyptian Archaeology, 46284"
"Neues Reich, 18. Dynastie, Amenhotep IV. / Echnaton Nefercheperure","London, Petrie Museum of Egyptian Archaeology, 32256"
"Neues Reich, 18. Dynastie, Amenhotep IV. / Echnaton Nefercheperure","London, Petrie Museum of Egyptian Archaeology, 46283"
"Neues Reich, 18. Dynastie, Amenhotep IV. / Echnaton Nefercheperure","London, Petrie Museum of Egyptian Archaeology, 46292"
"Neues Reich, 18. Dynastie, Amenhotep IV. / Echnaton Nefercheperure","London, Petrie Museum of Egyptian Archaeology, 46298"
"Neues Reich, 18. Dynastie, Amenhotep IV. / Echnaton Nefercheperure","London, Petrie Museum of Egyptian Archaeology, 32261"
"Neues Reich, 18. Dynastie, Amenhotep IV. / Echnaton Nefercheperure","London, Petrie Museum of Egyptian Archaeology, 32544"
"Neues Reich, 18. Dynastie, Tutanchamun Nebcheperure","London, Petrie Museum of Egyptian Archaeology, 32230"
"Neues Reich, 18. Dynastie, Tutanchamun Nebcheperure","London, Petrie Museum of Egyptian Archaeology, 32229"
"Neues Reich, 18. Dynastie, Aja Chepercheperure – Neues Reich, 19. Dynastie, Ramses I. Menpehtyre","London, British Museum, EA 10471London, British Museum, EA 10473"
"Neues Reich, 19. Dynastie – Neues Reich, 20. Dynastie","Berlin, Ägyptisches Museum und Papyrussammlung, P. 1122"
"Neues Reich, 19. Dynastie – Neues Reich, 20. Dynastie","Turin, Museo Egizio, CGT 57015"
"Neues Reich, 19. Dynastie – Neues Reich, 20. Dynastie","Turin, Museo Egizio, CGT 57085"
"Neues Reich, 19. Dynastie – Neues Reich, 20. Dynastie","Turin, Museo Egizio, CGT 57206"
"Neues Reich, 19. Dynastie – Neues Reich, 20. Dynastie","Turin, Museo Egizio, CGT 57257"
"Neues Reich, 19. Dynastie – Neues Reich, 20. Dynastie","Berlin, Ägyptisches Museum und Papyrussammlung, P. 11248"
"Neues Reich, 19. Dynastie – Neues Reich, 20. Dynastie","Berlin, Ägyptisches Museum und Papyrussammlung, P. 14614"
"Neues Reich, 19. Dynastie – Neues Reich, 20. Dynastie","Turin, Museo Egizio, CGT 54053"
"Neues Reich, 19. Dynastie – Neues Reich, 20. Dynastie","Kairo, Ägyptisches Museum, CG 58041 A-B"
"Neues Reich, 19. Dynastie – Neues Reich, 20. Dynastie","Assiut, Gebel Assiut al-gharbi, N13.1 TS4"
"Neues Reich, 19. Dynastie – Neues Reich, 20. Dynastie","Assiut, Gebel Assiut al-gharbi, N13.1 TS9"
"Neues Reich, 19. Dynastie – Neues Reich, 20. Dynastie","Assiut, Gebel Assiut al-gharbi, N13.1 TS29"
"Neues Reich, 19. Dynastie – Neues Reich, 20. Dynastie","Assiut, Gebel Assiut al-gharbi, N13.1 TS33"
"Neues Reich, 19. Dynastie – Neues Reich, 20. Dynastie","Assiut, Gebel Assiut al-gharbi, N13.1 TS44a-b"
"Neues Reich, 19. Dynastie – Neues Reich, 20. Dynastie","Assiut, Gebel Assiut al-gharbi, N13.1 TS47"
"Neues Reich, 19. Dynastie – Neues Reich, 20. Dynastie","Assiut, Gebel Assiut al-gharbi, N13.1 TS48"
"Neues Reich, 19. Dynastie – Neues Reich, 20. Dynastie","Assiut, Gebel Assiut al-gharbi, N13.1 TW14"
"Neues Reich, 19. Dynastie – Neues Reich, 20. Dynastie","Assiut, Gebel Assiut al-gharbi, N13.1 TW23"
"Neues Reich, 19. Dynastie – Neues Reich, 20. Dynastie","Assiut, Gebel Assiut al-gharbi, N13.1 TW25"
"Neues Reich, 19. Dynastie – Neues Reich, 20. Dynastie","Assiut, Gebel Assiut al-gharbi, N13.1 TW31"
"Neues Reich, 19. Dynastie – Neues Reich, 20. Dynastie","Assiut, Gebel Assiut al-gharbi, N13.1 TW33"
"Neues Reich, 19. Dynastie – Neues Reich, 20. Dynastie","Assiut, Gebel Assiut al-gharbi, N13.1 TW35"
"Neues Reich, 19. Dynastie – Neues Reich, 20. Dynastie","Turin, Museo Egizio, CGT 57003 vo"
"Neues Reich, 19. Dynastie","London, British Museum, EA 10470"
"Neues Reich, 19. Dynastie","Kairo, Institut Français d’Archéologie Orientale, 416"
"Neues Reich, 19. Dynastie","Berlin, Ägyptisches Museum und Papyrussammlung, P. 14233"
"Neues Reich, 19. Dynastie","Berlin, Ägyptisches Museum und Papyrussammlung, P. 15292"
"Neues Reich, 19. Dynastie","Berlin, Ägyptisches Museum und Papyrussammlung, P. 14218"
"Neues Reich, 19. Dynastie","London, British Museum, EA 10181"
"Neues Reich, 19. Dynastie","Turin, Museo Egizio, CGT 54052"
"Neues Reich, 19. Dynastie","Leiden, Rijksmuseum van Oudheden, AMS 27"
"Neues Reich, 19. Dynastie","Leiden, Rijksmuseum van Oudheden, AMS 26 a"
"Neues Reich, 19. Dynastie","Leiden, Rijksmuseum van Oudheden, AMS 26 b"
"Neues Reich, 19. Dynastie","Berlin, Ägyptisches Museum und Papyrussammlung, P. 3038"
"Neues Reich, 19. Dynastie","London, British Museum, EA 50721"
"Neues Reich, 19. Dynastie, Sethos I. Menmaatre – Neues Reich, 19. Dynastie, Merenptah Baenre","Kairo, Institut Français d’Archéologie Orientale, 419"
"Neues Reich, 19. Dynastie, Sethos I. Menmaatre – Neues Reich, 19. Dynastie, Ramses II. Usermaatre-Setepenre","London, British Museum, EA 9901"
"Neues Reich, 19. Dynastie, Sethos I. Menmaatre – Neues Reich, 19. Dynastie, Ramses II. Usermaatre-Setepenre","London, British Museum, EA 10060"
"Neues Reich, 19. Dynastie, Sethos I. Menmaatre","Paris, Bibliothèque Nationale de France, Egyptien 203"
"Neues Reich, 19. Dynastie, Sethos I. Menmaatre","Kairo, Ägyptisches Museum, CG 58057"
"Neues Reich, 19. Dynastie, Sethos I. Menmaatre","New York City, Pierpont Morgan Library, Amh. Egy. Pap. 11"
"Neues Reich, 19. Dynastie, Sethos I. Menmaatre","Berlin, Ägyptisches Museum und Papyrussammlung, P. 14213"
"Neues Reich, 19. Dynastie, Sethos I. Menmaatre – Neues Reich, 19. Dynastie, Ramses II. Usermaatre-Setepenre","London, British Museum, EA 50728"
"Neues Reich, 19. Dynastie, Sethos I. Menmaatre","Paris, Bibliothèque Nationale de France, Egyptien 204"
"Neues Reich, 19. Dynastie, Sethos I. Menmaatre","Paris, Bibliothèque Nationale de France, Egyptien 205"
"Neues Reich, 19. Dynastie, Sethos I. Menmaatre","Paris, Bibliothèque Nationale de France, Egyptien 206"
"Neues Reich, 19. Dynastie, Sethos I. Menmaatre","Paris, Bibliothèque Nationale de France, Egyptien 208"
"Neues Reich, 19. Dynastie, Sethos I. Menmaatre","Paris, Bibliothèque Nationale de France, Egyptien 209"
"Neues Reich, 19. Dynastie, Sethos I. Menmaatre","Paris, Bibliothèque Nationale de France, Egyptien 207"
"Neues Reich, 19. Dynastie, Sethos I. Menmaatre","Kairo, Institut Français d’Archéologie Orientale, 1"
"Neues Reich, 19. Dynastie, Sethos I. Menmaatre","Kairo, Institut Français d’Archéologie Orientale, 3"
"Neues Reich, 19. Dynastie, Sethos I. Menmaatre","Kairo, Institut Français d’Archéologie Orientale, 4"
"Neues Reich, 19. Dynastie, Sethos I. Menmaatre","Turin, Museo Egizio, CGT 57469"
"Neues Reich, 19. Dynastie, Sethos I. Menmaatre","Kairo, Institut Français d’Archéologie Orientale, 8"
"Neues Reich, 19. Dynastie, Sethos I. Menmaatre","Kairo, Institut Français d’Archéologie Orientale, 12"
"Neues Reich, 19. Dynastie, Sethos I. Menmaatre","Kairo, Institut Français d’Archéologie Orientale, 17"
"Neues Reich, 19. Dynastie, Sethos I. Menmaatre","Kairo, Institut Français d’Archéologie Orientale, 19"
"Neues Reich, 19. Dynastie, Sethos I. Menmaatre","Kairo, Institut Français d’Archéologie Orientale, 404"
"Neues Reich, 19. Dynastie, Sethos I. Menmaatre","Paris, Bibliothèque Nationale de France, Egyptien 211"
"Neues Reich, 19. Dynastie, Sethos I. Menmaatre","Paris, Bibliothèque Nationale de France, Egyptien 210"
"Neues Reich, 19. Dynastie, Sethos I. Menmaatre – Neues Reich, 19. Dynastie, Ramses II. Usermaatre-Setepenre","Berlin, Ägyptisches Museum und Papyrussammlung, P. 10840"
"Neues Reich, 19. Dynastie, Ramses II. Usermaatre-Setepenre – Neues Reich, 20. Dynastie, Ramses III. Usermaatre-Meriamun","Berlin, Ägyptisches Museum und Papyrussammlung, P. 14255"
"Neues Reich, 19. Dynastie, Ramses II. Usermaatre-Setepenre – Neues Reich, 19. Dynastie, Sethos II. Usercheperure","Kairo, Institut Français d’Archéologie Orientale, SA 2214"
"Neues Reich, 19. Dynastie, Ramses II. Usermaatre-Setepenre","Kairo, Institut Français d’Archéologie Orientale, 1024"
"Neues Reich, 19. Dynastie, Ramses II. Usermaatre-Setepenre","Turin, Museo Egizio, CGT 57080"
"Neues Reich, 19. Dynastie, Ramses II. Usermaatre-Setepenre","Turin, Museo Egizio, CGT 57429"
"Neues Reich, 19. Dynastie, Ramses II. Usermaatre-Setepenre","Leiden, Rijksmuseum van Oudheden, AMS 25 c"
"Neues Reich, 19. Dynastie, Ramses II. Usermaatre-Setepenre","London, British Museum, EA 10184"
"Neues Reich, 19. Dynastie, Ramses II. Usermaatre-Setepenre","Kairo, Institut Français d’Archéologie Orientale, 1606"
"Neues Reich, 19. Dynastie, Ramses II. Usermaatre-Setepenre – Neues Reich, 19. Dynastie, Tausret Satre-Meritamun","Kairo, Institut Français d’Archéologie Orientale, 405"
"Neues Reich, 19. Dynastie, Ramses II. Usermaatre-Setepenre","Kairo, Institut Français d’Archéologie Orientale, 1955"
"Neues Reich, 19. Dynastie, Ramses II. Usermaatre-Setepenre","Berlin, Ägyptisches Museum und Papyrussammlung, P. 3047"
"Neues Reich, 19. Dynastie, Ramses II. Usermaatre-Setepenre","Leiden, Rijksmuseum van Oudheden, AMS 54 ro"
"Neues Reich, 19. Dynastie, Ramses II. Usermaatre-Setepenre","Kairo, Institut Français d’Archéologie Orientale, SA 2646"
"Neues Reich, 19. Dynastie, Ramses II. Usermaatre-Setepenre","London, British Museum, EA 10184"
"Neues Reich, 19. Dynastie, Ramses II. Usermaatre-Setepenre","Kairo, Institut Français d’Archéologie Orientale, 621"
"Neues Reich, 19. Dynastie, Merenptah Baenre – Neues Reich, 19. Dynastie, Sethos II. Usercheperure","Berlin, Ägyptisches Museum und Papyrussammlung, P. 3043"
"Neues Reich, 19. Dynastie, Merenptah Baenre – Neues Reich, 19. Dynastie, Sethos II. Usercheperure","Paris, Musée du Louvre, E 4892"
"Neues Reich, 19. Dynastie, Merenptah Baenre","London, British Museum, EA 10243"
"Neues Reich, 19. Dynastie, Merenptah Baenre","London, British Museum, EA 10246 (1-5)"
"Neues Reich, 19. Dynastie, Merenptah Baenre – Neues Reich, 19. Dynastie, Tausret Satre-Meritamun","Kairo, Institut Français d’Archéologie Orientale, 93"
"Neues Reich, 19. Dynastie, Merenptah Baenre","London, British Museum, EA 10185"
"Neues Reich, 19. Dynastie, Sethos II. Usercheperure – Neues Reich, 19. Dynastie, Siptah Achenre","London, British Museum, EA 5635"
"Neues Reich, 19. Dynastie, Sethos II. Usercheperure – Neues Reich, 19. Dynastie, Siptah Achenre","Kairo, Institut Français d’Archéologie Orientale, 1817"
"Neues Reich, 19. Dynastie, Sethos II. Usercheperure","Kairo, Institut Français d’Archéologie Orientale, ODM 595"
"Neues Reich, 19. Dynastie, Sethos II. Usercheperure","Kairo, Institut Français d’Archéologie Orientale, SA 115"
"Neues Reich, 19. Dynastie, Sethos II. Usercheperure","London, British Museum, EA 10245"
"Neues Reich, 19. Dynastie, Sethos II. Usercheperure","London, British Museum, EA 10249"
"Neues Reich, 19. Dynastie, Sethos II. Usercheperure","London, British Museum, EA 10182"
"Neues Reich, 19. Dynastie, Sethos II. Usercheperure","London, British Museum, EA 10247"
"Neues Reich, 19. Dynastie, Sethos II. Usercheperure","London, British Museum, EA 10244"
"Neues Reich, 19. Dynastie, Sethos II. Usercheperure","London, British Museum, EA 10183"
"Neues Reich, 19. Dynastie, Siptah Achenre – Neues Reich, 19. Dynastie, Tausret Satre-Meritamun","Kairo, Institut Français d’Archéologie Orientale, DeM 591"
"Neues Reich, 19. Dynastie, Siptah Achenre – Neues Reich, 19. Dynastie, Tausret Satre-Meritamun","Kairo, Institut Français d’Archéologie Orientale, 98"
"Neues Reich, 19. Dynastie, Siptah Achenre – Neues Reich, 19. Dynastie, Tausret Satre-Meritamun","Kairo, Institut Français d’Archéologie Orientale, ODM 612"
"Neues Reich, 19. Dynastie, Siptah Achenre","Kairo, Institut Français d’Archéologie Orientale, SA 8564"
"Neues Reich, 19. Dynastie, Siptah Achenre","Kairo, Institut Français d’Archéologie Orientale, SA 13108"
"Neues Reich, 19. Dynastie, Siptah Achenre","Kairo, Institut Français d’Archéologie Orientale, SA 8385"
"Neues Reich, 19. Dynastie, Siptah Achenre","Kairo, Institut Français d’Archéologie Orientale, 94"
"Neues Reich, 20. Dynastie","Berlin, Ägyptisches Museum und Papyrussammlung, P. 9901"
"Neues Reich, 20. Dynastie","Kairo, Institut Français d’Archéologie Orientale, 66"
"Neues Reich, 20. Dynastie","Kairo, Institut Français d’Archéologie Orientale, 96"
"Neues Reich, 20. Dynastie","Kairo, Institut Français d’Archéologie Orientale, 829"
"Neues Reich, 20. Dynastie","Turin, Museo Egizio, CGT 57256"
"Neues Reich, 20. Dynastie","Berlin, Ägyptisches Museum und Papyrussammlung, P. 10497"
"Neues Reich, 20. Dynastie","Berlin, Ägyptisches Museum und Papyrussammlung, P. 14210"
"Neues Reich, 20. Dynastie","Berlin, Ägyptisches Museum und Papyrussammlung, P. 11249"
"Neues Reich, 20. Dynastie","London, British Museum, EA 9999"
"Neues Reich, 20. Dynastie","Turin, Museo Egizio, CGT 54050"
"Neues Reich, 20. Dynastie","Turin, Museo Egizio, CGT 54054 ro"
"Neues Reich, 20. Dynastie","Turin, Museo Egizio, CGT 54051"
"Neues Reich, 20. Dynastie","London, British Museum, EA 50727"
"Neues Reich, 20. Dynastie","Assiut, Gebel Assiut al-gharbi, N13.1 TS11"
"Neues Reich, 20. Dynastie","Kairo, Institut Français d’Archéologie Orientale, DeM 10339 verso"
"Neues Reich, 20. Dynastie","Assiut, Gebel Assiut al-gharbi, N13.1 TS7"
"Neues Reich, 20. Dynastie, Ramses III. Usermaatre-Meriamun – Neues Reich, 20. Dynastie, Ramses IV. Usermaatre-Setepenamun","Turin, Museo Egizio, CGT 57125"
"Neues Reich, 20. Dynastie, Ramses III. Usermaatre-Meriamun","Berlin, Ägyptisches Museum und Papyrussammlung, P. 10632"
"Neues Reich, 20. Dynastie, Ramses III. Usermaatre-Meriamun","Berlin, Ägyptisches Museum und Papyrussammlung, P. 10839"
"Neues Reich, 20. Dynastie, Ramses III. Usermaatre-Meriamun","Berlin, Ägyptisches Museum und Papyrussammlung, P. 11272"
"Neues Reich, 20. Dynastie, Ramses III. Usermaatre-Meriamun","Kairo, Institut Français d’Archéologie Orientale, DeM 565"
"Neues Reich, 20. Dynastie, Ramses III. Usermaatre-Meriamun","Kairo, Institut Français d’Archéologie Orientale, 117"
"Neues Reich, 20. Dynastie, Ramses III. Usermaatre-Meriamun","Kairo, Institut Français d’Archéologie Orientale, 78"
"Neues Reich, 20. Dynastie, Ramses III. Usermaatre-Meriamun","Turin, Museo Egizio, CGT 57030"
"Neues Reich, 20. Dynastie, Ramses III. Usermaatre-Meriamun","Turin, Museo Egizio, CGT 57035"
"Neues Reich, 20. Dynastie, Ramses III. Usermaatre-Meriamun","Turin, Museo Egizio, CGT 57156"
"Neues Reich, 20. Dynastie, Ramses III. Usermaatre-Meriamun","Turin, Museo Egizio, CGT 57189"
"Neues Reich, 20. Dynastie, Ramses III. Usermaatre-Meriamun","Turin, Museo Egizio, CGT 57282"
"Neues Reich, 20. Dynastie, Ramses III. Usermaatre-Meriamun","Turin, Museo Egizio, CGT 57432"
"Neues Reich, 20. Dynastie, Ramses III. Usermaatre-Meriamun","Kairo, Ägyptisches Museum, JE 58037"
"Neues Reich, 20. Dynastie, Ramses III. Usermaatre-Meriamun","Assiut, Gebel Assiut al-gharbi, N13.1 TS36"
"Neues Reich, 20. Dynastie, Ramses III. Usermaatre-Meriamun","Assiut, Gebel Assiut al-gharbi, N13.1 TS45"
"Neues Reich, 20. Dynastie, Ramses III. Usermaatre-Meriamun","Berlin, Ägyptisches Museum und Papyrussammlung, P. 9906"
"Neues Reich, 20. Dynastie, Ramses III. Usermaatre-Meriamun","Turin, Museo Egizio, CGT 57020"
"Neues Reich, 20. Dynastie, Ramses III. Usermaatre-Meriamun – Neues Reich, 20. Dynastie, Ramses IV. Usermaatre-Setepenamun","Berlin, Ägyptisches Museum und Papyrussammlung, P. 14149"
"Neues Reich, 20. Dynastie, Ramses III. Usermaatre-Meriamun","Kairo, Institut Français d’Archéologie Orientale, SA 6351"
"Neues Reich, 20. Dynastie, Ramses III. Usermaatre-Meriamun","Kairo, Institut Français d’Archéologie Orientale, SA 3231"
"Neues Reich, 20. Dynastie, Ramses III. Usermaatre-Meriamun","Turin, Museo Egizio, CGT 57034"
"Neues Reich, 20. Dynastie, Ramses III. Usermaatre-Meriamun","Turin, Museo Egizio, CGT 57026"
"Neues Reich, 20. Dynastie, Ramses III. Usermaatre-Meriamun","Kairo, Institut Français d’Archéologie Orientale, 652"
"Neues Reich, 20. Dynastie, Ramses III. Usermaatre-Meriamun","Kairo, Institut Français d’Archéologie Orientale, SA 363 / 5"
"Neues Reich, 20. Dynastie, Ramses III. Usermaatre-Meriamun","Turin, Museo Egizio, CGT 57028"
"Neues Reich, 20. Dynastie, Ramses III. Usermaatre-Meriamun","Turin, Museo Egizio, CGT 57029"
"Neues Reich, 20. Dynastie, Ramses III. Usermaatre-Meriamun","Turin, Museo Egizio, CGT 57036"
"Neues Reich, 20. Dynastie, Ramses III. Usermaatre-Meriamun","Turin, Museo Egizio, CGT 57039"
"Neues Reich, 20. Dynastie, Ramses III. Usermaatre-Meriamun","Turin, Museo Egizio, CGT 57055"
"Neues Reich, 20. Dynastie, Ramses III. Usermaatre-Meriamun","Turin, Museo Egizio, CGT 57056"
"Neues Reich, 20. Dynastie, Ramses III. Usermaatre-Meriamun","Turin, Museo Egizio, CGT 57283"
"Neues Reich, 20. Dynastie, Ramses III. Usermaatre-Meriamun","Kairo, Institut Français d’Archéologie Orientale, 207"
"Neues Reich, 20. Dynastie, Ramses III. Usermaatre-Meriamun","Assiut, Gebel Assiut al-gharbi, N13.1 TS39"
"Neues Reich, 20. Dynastie, Ramses III. Usermaatre-Meriamun","Kairo, Institut Français d’Archéologie Orientale, 223"
"Neues Reich, 20. Dynastie, Ramses III. Usermaatre-Meriamun","Kairo, Institut Français d’Archéologie Orientale, 203"
"Neues Reich, 20. Dynastie, Ramses III. Usermaatre-Meriamun","Berlin, Ägyptisches Museum und Papyrussammlung, P. 12632Kairo, Institut Français d’Archéologie Orientale, 226"
"Neues Reich, 20. Dynastie, Ramses III. Usermaatre-Meriamun","Turin, Museo Egizio, CGT 57025"
"Neues Reich, 20. Dynastie, Ramses III. Usermaatre-Meriamun","Turin, Museo Egizio, CGT 57044"
"Neues Reich, 20. Dynastie, Ramses III. Usermaatre-Meriamun","Turin, Museo Egizio, CGT 57153"
"Neues Reich, 20. Dynastie, Ramses III. Usermaatre-Meriamun","Berlin, Ägyptisches Museum und Papyrussammlung, P. 12629"
"Neues Reich, 20. Dynastie, Ramses III. Usermaatre-Meriamun","Turin, Museo Egizio, CGT 57204"
"Neues Reich, 20. Dynastie, Ramses III. Usermaatre-Meriamun","Berlin, Ägyptisches Museum und Papyrussammlung, P. 12627"
"Neues Reich, 20. Dynastie, Ramses III. Usermaatre-Meriamun","Turin, Museo Egizio, CGT 57072"
"Neues Reich, 20. Dynastie, Ramses III. Usermaatre-Meriamun","Turin, Museo Egizio, CGT 57007"
"Neues Reich, 20. Dynastie, Ramses III. Usermaatre-Meriamun","Berlin, Ägyptisches Museum und Papyrussammlung, P. 10663"
"Neues Reich, 20. Dynastie, Ramses III. Usermaatre-Meriamun","Berlin, Ägyptisches Museum und Papyrussammlung, P. 10633"
"Neues Reich, 20. Dynastie, Ramses III. Usermaatre-Meriamun","Kairo, Institut Français d’Archéologie Orientale, 222"
"Neues Reich, 20. Dynastie, Ramses III. Usermaatre-Meriamun","Kairo, Institut Français d’Archéologie Orientale, SA 12753"
"Neues Reich, 20. Dynastie, Ramses III. Usermaatre-Meriamun","Kairo, Institut Français d’Archéologie Orientale, 209"
"Neues Reich, 20. Dynastie, Ramses III. Usermaatre-Meriamun","Kairo, Institut Français d’Archéologie Orientale, SA 357"
"Neues Reich, 20. Dynastie, Ramses IV. Usermaatre-Setepenamun – Neues Reich, 20. Dynastie","Turin, Museo Egizio, CGT 57479"
"Neues Reich, 20. Dynastie, Ramses IV. Usermaatre-Setepenamun – Neues Reich, 20. Dynastie, Ramses VII. Usermaatre-Meriamun-Setepenre","London, British Museum, EA 66412"
"Neues Reich, 20. Dynastie, Ramses IV. Usermaatre-Setepenamun – Neues Reich, 20. Dynastie, Ramses V. Usermaatre-Secheperenre","Berlin, Ägyptisches Museum und Papyrussammlung, P. 10842"
"Neues Reich, 20. Dynastie, Ramses IV. Usermaatre-Setepenamun","Kairo, Institut Français d’Archéologie Orientale, 94"
"Neues Reich, 20. Dynastie, Ramses IV. Usermaatre-Setepenamun","Kairo, Institut Français d’Archéologie Orientale, 794"
"Neues Reich, 20. Dynastie, Ramses IV. Usermaatre-Setepenamun","Kairo, Institut Français d’Archéologie Orientale, 107"
"Neues Reich, 20. Dynastie, Ramses IV. Usermaatre-Setepenamun","Berlin, Ägyptisches Museum und Papyrussammlung, P. 14286"
"Neues Reich, 20. Dynastie, Ramses III. Usermaatre-Meriamun","Kairo, Institut Français d’Archéologie Orientale, 402"
"Neues Reich, 20. Dynastie, Ramses III. Usermaatre-Meriamun","Kairo, Institut Français d’Archéologie Orientale, DeM 578"
"Neues Reich, 20. Dynastie, Ramses III. Usermaatre-Meriamun","Berlin, Ägyptisches Museum und Papyrussammlung, P. 12625"
"Neues Reich, 20. Dynastie, Ramses III. Usermaatre-Meriamun","Berlin, Ägyptisches Museum und Papyrussammlung, P. 14666"
"Neues Reich, 20. Dynastie, Ramses IV. Usermaatre-Setepenamun","Kairo, Institut Français d’Archéologie Orientale, 215"
"Neues Reich, 20. Dynastie, Ramses IV. Usermaatre-Setepenamun","Straßburg, Bibliothèque nationale et universitaire de Strasbourg, H. hier. 5"
"Neues Reich, 20. Dynastie, Ramses IV. Usermaatre-Setepenamun","Kairo, Ägyptisches Museum, CG 25726London, British Museum, EA 50722"
"Neues Reich, 20. Dynastie, Ramses IV. Usermaatre-Setepenamun","Straßburg, Bibliothèque nationale et universitaire de Strasbourg, H. hier. 42"
"Neues Reich, 20. Dynastie, Ramses IV. Usermaatre-Setepenamun","Berlin, Ägyptisches Museum und Papyrussammlung, P. 12626Kairo, Institut Français d’Archéologie Orientale, 211"
"Neues Reich, 20. Dynastie, Ramses IV. Usermaatre-Setepenamun","Kairo, Institut Français d’Archéologie Orientale, 214"
"Neues Reich, 20. Dynastie, Ramses IV. Usermaatre-Setepenamun","Straßburg, Bibliothèque nationale et universitaire de Strasbourg, H. hier. 82"
"Neues Reich, 20. Dynastie, Ramses IV. Usermaatre-Setepenamun","Kairo, Institut Français d’Archéologie Orientale, SA 2533Kairo, Institut Français d’Archéologie Orientale, SA 341Kairo, Institut Français d’Archéologie Orientale, SA 4295 (?)Kairo, Institut Français d’Archéologie Orientale, SA 6226"
"Neues Reich, 20. Dynastie, Ramses IV. Usermaatre-Setepenamun","Berlin, Ägyptisches Museum und Papyrussammlung, P. 12628Berlin, Ägyptisches Museum und Papyrussammlung, P. 12641"
"Neues Reich, 20. Dynastie, Ramses IV. Usermaatre-Setepenamun","Berlin, Ägyptisches Museum und Papyrussammlung, P. 14657"
"Neues Reich, 20. Dynastie, Ramses IV. Usermaatre-Setepenamun – Neues Reich, 20. Dynastie, Ramses V. Usermaatre-Secheperenre","Kairo, Institut Français d’Archéologie Orientale, 895"
"Neues Reich, 20. Dynastie, Ramses IV. Usermaatre-Setepenamun","Kairo, Institut Français d’Archéologie Orientale, 217"
"Neues Reich, 20. Dynastie, Ramses IV. Usermaatre-Setepenamun","Kairo, Institut Français d’Archéologie Orientale, 893"
"Neues Reich, 20. Dynastie, Ramses IV. Usermaatre-Setepenamun","Turin, Museo Egizio, CGT 57006"
"Neues Reich, 20. Dynastie, Ramses IV. Usermaatre-Setepenamun","Berlin, Ägyptisches Museum und Papyrussammlung, P. 12384"
"Neues Reich, 20. Dynastie, Ramses IV. Usermaatre-Setepenamun","Turin, Museo Egizio, CGT 57393"
"Neues Reich, 20. Dynastie, Ramses IV. Usermaatre-Setepenamun","Berlin, Ägyptisches Museum und Papyrussammlung, P. 14302"
"Neues Reich, 20. Dynastie, Ramses IV. Usermaatre-Setepenamun","Berlin, Ägyptisches Museum und Papyrussammlung, P. 12651Kairo, Institut Français d’Archéologie Orientale, 210Wien, Papyrusmuseum, Österreichische Nationalbibliothek, Hier. 4"
"Neues Reich, 20. Dynastie, Ramses IV. Usermaatre-Setepenamun","Kairo, Institut Français d’Archéologie Orientale, 337"
"Neues Reich, 20. Dynastie, Ramses IV. Usermaatre-Setepenamun","Kairo, Institut Français d’Archéologie Orientale, 1884"
"Neues Reich, 20. Dynastie, Ramses IV. Usermaatre-Setepenamun","Berlin, Ägyptisches Museum und Papyrussammlung, P. 9897"
"Neues Reich, 20. Dynastie, Ramses IV. Usermaatre-Setepenamun","Berlin, Ägyptisches Museum und Papyrussammlung, P. 14156"
"Neues Reich, 20. Dynastie, Ramses IV. Usermaatre-Setepenamun – Neues Reich, 20. Dynastie, Ramses VI. Nebmaatre-Meriamun","Kairo, Institut Français d’Archéologie Orientale, 707"
"Neues Reich, 20. Dynastie, Ramses VI. Nebmaatre-Meriamun","London, British Museum, EA 50730London, British Museum, EA 50745"
"Neues Reich, 20. Dynastie, Ramses IX. Neferkare-Setepenre","Kairo, Institut Français d’Archéologie Orientale, ODM 571"
"Neues Reich, 20. Dynastie, Ramses IX. Neferkare-Setepenre","Kairo, Ägyptisches Museum, CG 25649London, British Museum, EA 5672"
"Neues Reich, 20. Dynastie, Ramses IX. Neferkare-Setepenre","London, British Museum, EA 10221"
"Neues Reich, 20. Dynastie, Ramses IX. Neferkare-Setepenre","New York City, Pierpont Morgan Library, Amh. Egy. Pap. 6"
"Neues Reich, 20. Dynastie, Ramses IX. Neferkare-Setepenre – Neues Reich, 20. Dynastie, Ramses XI. Menmaatre-Setepenptah","Kairo, Institut Français d’Archéologie Orientale, DeM 10339 recto"
"Neues Reich, 20. Dynastie, Ramses IX. Neferkare-Setepenre","London, British Museum, EA 10053"
"Neues Reich, 20. Dynastie, Ramses XI. Menmaatre-Setepenptah","Turin, Museo Egizio, CGT 10101 a"
"Neues Reich, 20. Dynastie, Ramses XI. Menmaatre-Setepenptah","Assiut, Gebel Assiut al-gharbi, N13.1 TO1"
"Neues Reich, 20. Dynastie, Ramses XI. Menmaatre-Setepenptah","Berlin, Ägyptisches Museum und Papyrussammlung, P. 10494"
"Neues Reich, 20. Dynastie, Ramses XI. Menmaatre-Setepenptah","Kairo, Institut Français d’Archéologie Orientale, SA 6154"
"Neues Reich, 20. Dynastie, Ramses XI. Menmaatre-Setepenptah","Leiden, Rijksmuseum van Oudheden, AMS 38 b"
"Neues Reich, 20. Dynastie, Ramses XI. Menmaatre-Setepenptah","Paris, Bibliothèque Nationale de France, 196 II"
"Neues Reich, 20. Dynastie, Ramses XI. Menmaatre-Setepenptah","Turin, Museo Egizio, Cat. 1975"
Dritte Zwischenzeit,"London, British Museum, EA 10203"
Dritte Zwischenzeit,"London, British Museum, EA 10312"
"Dritte Zwischenzeit, 21. Dynastie – Dritte Zwischenzeit, 22.–23. Dynastie","Berlin, Ägyptisches Museum und Papyrussammlung, P. 3013 A-B"
"Dritte Zwischenzeit, 21. Dynastie – Dritte Zwischenzeit, 22.–23. Dynastie","Kairo, Ägyptisches Museum, CG 58035"
"Dritte Zwischenzeit, 21. Dynastie","Kairo, Ägyptisches Museum, JdE 95838"
"Dritte Zwischenzeit, 21. Dynastie","Turin, Museo Egizio, CGT 53001"
"Dritte Zwischenzeit, 21. Dynastie","Turin, Museo Egizio, CGT 53007"
"Dritte Zwischenzeit, 21. Dynastie, Herihor (HPA)","Kairo, Ägyptisches Museum, CG 61019"
"Dritte Zwischenzeit, 21. Dynastie, Herihor (HPA)","Kairo, Ägyptisches Museum, CG 61020"
"Dritte Zwischenzeit, 21. Dynastie, Psusennes I. Aacheperre-Setepenamun","London, British Museum, EA 10490"
"Dritte Zwischenzeit, 21. Dynastie, Pinudjem I. (HPA)","Kairo, Ägyptisches Museum,"
"Dritte Zwischenzeit, 21. Dynastie, Pinudjem I. (HPA)","Kairo, Ägyptisches Museum,"
"Dritte Zwischenzeit, 21. Dynastie, Pinudjem I. (HPA)","Kairo, Ägyptisches Museum,"
"Dritte Zwischenzeit, 21. Dynastie, Pinudjem I. (HPA)","Kairo, Ägyptisches Museum,"
"Dritte Zwischenzeit, 21. Dynastie, Mencheperre (HPA)","Kairo, Ägyptisches Museum,"
"Dritte Zwischenzeit, 21. Dynastie, Siamun Netjerycheperre-Setepenamun","Kairo, Ägyptisches Museum, JdE 26230"
"Dritte Zwischenzeit, 21. Dynastie, Siamun Netjerycheperre-Setepenamun","Kairo, Ägyptisches Museum, CG 58032"
"Dritte Zwischenzeit, 21. Dynastie, Siamun Netjerycheperre-Setepenamun","Paris, Musée du Louvre, E 6858"
"Dritte Zwischenzeit, 21. Dynastie, Siamun Netjerycheperre-Setepenamun","Deir el-Bahari, Tempelareal, TT 320"
"Dritte Zwischenzeit, 21. Dynastie, Siamun Netjerycheperre-Setepenamun","Kairo, Ägyptisches Museum, CG 61019"
"Dritte Zwischenzeit, 21. Dynastie, Siamun Netjerycheperre-Setepenamun","Kairo, Ägyptisches Museum, CG 61020"
"Dritte Zwischenzeit, 21. Dynastie, Siamun Netjerycheperre-Setepenamun","Kairo, Ägyptisches Museum, CG 61018"
"Dritte Zwischenzeit, 21. Dynastie, Psusennes II. Titcheperure","London, British Museum, EA 10554"
"Dritte Zwischenzeit, 22.–23. Dynastie","Berlin, Ägyptisches Museum und Papyrussammlung, P. 3055"
"Dritte Zwischenzeit, 22.–23. Dynastie","Berlin, Ägyptisches Museum und Papyrussammlung, P. 3014Berlin, Ägyptisches Museum und Papyrussammlung, P. 3053"
"Dritte Zwischenzeit, 22.–23. Dynastie","Berlin, Ägyptisches Museum und Papyrussammlung, P. 3048 ro"
"Dritte Zwischenzeit, 22.–23. Dynastie","Berlin, Ägyptisches Museum und Papyrussammlung, P. 3049"
"Dritte Zwischenzeit, 22.–23. Dynastie","Berlin, Ägyptisches Museum und Papyrussammlung, P. 3056"
"Dritte Zwischenzeit, 22.–23. Dynastie","Berlin, Ägyptisches Museum und Papyrussammlung, P. 3050"
"Spätzeit, 26. Dynastie","Köln, Seminar für Ägyptologie der Universität zu Köln, Aeg. 10207"
"Spätzeit, 26. Dynastie","Chicago, Institute for the Study of Ancient Cultures Museum, 5739"
"Spätzeit, 26. Dynastie","Albany (NY), Albany Institute of History & Art, 1900.3.1Kairo, Ägyptisches Museum, JdE 95649Kairo, Ägyptisches Museum, JdE 95714Marseille, Musée d'Archéologie Mediterranéenne, 291Marseille, Musée d'Archéologie Mediterranéenne, 91 / 2 / 1"
"Spätzeit, 26. Dynastie, Psammetich I. Wahibre","Ann Arbor (MI), University of Michigan, Kelsey Museum of Ancient and Mediaeval Archaeology, 81.4.25Florenz, Museo Egizio, 11912 a-bNew York City, Metropolitan Museum of Art, 25.3.212 a-gProvidence (RI), John Hay Library, 18077Toronto, Royal Ontario Museum, 910.85.222 [b]"
"Spätzeit, 26. Dynastie, Apries Haaibre","Paris, Musée du Louvre, N 815"
"Spätzeit, 26. Dynastie, Amasis Chenemibre","Abusir, Pyramidenkomplex des Sahure, Möller [o. Nr.]"
"Spätzeit, 27. Dynastie, Dareios I. Setutre","Manchester, John Rylands Library, Dem. 9"
"Spätzeit, 27. Dynastie, Dareios I. Setutre","Berlin, Ägyptisches Museum und Papyrussammlung, P. 3110"
Griechisch-römische Zeit,"London, British Museum, EA 10672"
"Griechisch-römische Zeit, Argeaden („Makedonierzeit“), Alexander der Große – Griechisch-römische Zeit, Ptolemäerzeit","Berlin, Ägyptisches Museum und Papyrussammlung, P. 3057"
"Griechisch-römische Zeit, Argeaden („Makedonierzeit“) – Griechisch-römische Zeit, Ptolemäerzeit","Berlin, Ägyptisches Museum und Papyrussammlung, P. 23256"
"Griechisch-römische Zeit, Argeaden („Makedonierzeit“), Alexander IV.","London, British Museum, EA 10252"
"Griechisch-römische Zeit, Argeaden („Makedonierzeit“), Alexander IV.","London, British Museum, EA 10188 [palimpsest new]"
"Griechisch-römische Zeit, Ptolemäerzeit","Berlin, Ägyptisches Museum und Papyrussammlung, P. 3073London, British Museum, EA 10265London, British Museum, EA 10266New York City, Pierpont Morgan Library, Amherst 41"
"Griechisch-römische Zeit, Ptolemäerzeit, Ptolemaios II. Philadelphos","London, British Museum, EA 10045London, British Museum, EA 10322Manchester, John Rylands Library, Hieratic papyrus 4Oxford, Bodleian Library, MS. Egypt. a. 1 (P)Oxford, Bodleian Library, MS. Egypt. b. 2 (P)Wien, Kunsthistorisches Museum, ÄOS 3856Wien, Kunsthistorisches Museum, ÄOS 3857Wien, Kunsthistorisches Museum, ÄOS 3858Wien, Kunsthistorisches Museum, ÄOS 3862Wien, Kunsthistorisches Museum, ÄOS 3864Wien, Kunsthistorisches Museum, ÄOS 3866Wien, Kunsthistorisches Museum, ÄOS 3867Wien, Kunsthistorisches Museum, ÄOS 3868Wien, Kunsthistorisches Museum, ÄOS 3869Zagreb, Archäologisches Museum in Zagreb, 886"
"Griechisch-römische Zeit, Ptolemäerzeit, Ptolemaios VI. Philometor – Griechisch-römische Zeit, Ptolemäerzeit, Ptolemaios IX. Soter II. (1. Regierungszeit in Ägypten)","Berlin, Ägyptisches Museum und Papyrussammlung, P. 3008"
"Griechisch-römische Zeit, Ptolemäerzeit, Ptolemaios XIV. – Griechisch-römische Zeit, Iulisch-Claudische Dynastie, Claudius","Berlin, Ägyptisches Museum und Papyrussammlung, P. 3135"
"Griechisch-römische Zeit, Iulisch-Claudische Dynastie, Augustus","Berlin, Ägyptisches Museum und Papyrussammlung, P. 13242 Ro"
"Griechisch-römische Zeit, Iulisch-Claudische Dynastie, Augustus","Edinburgh, National Museums of Scotland, The Royal Museum of Scotland, A 1956.314"
"Griechisch-römische Zeit, Iulisch-Claudische Dynastie, Augustus","Edinburgh, National Museums of Scotland, The Royal Museum of Scotland, A 1956.313"
"Griechisch-römische Zeit, Iulisch-Claudische Dynastie, Nero","Leiden, Rijksmuseum van Oudheden, L.I.2"
"Griechisch-römische Zeit, Antoninische Dynastie, Trajan – Griechisch-römische Zeit, Antoninische Dynastie, Antoninus Pius","Berlin, Ägyptisches Museum und Papyrussammlung, P. 7809Berlin, Ägyptisches Museum und Papyrussammlung, P. 7810Paris, Musée du Louvre, AF 11112"
"Griechisch-römische Zeit, Antoninische Dynastie, Hadrian","Berlin, Ägyptisches Museum und Papyrussammlung, P. 3030 A-E"